age,income,loan_amount,credit_score,employment_years,num_credit_lines,debt_to_income,missed_payments,loan_purpose,default
59,24324,81242,329,21,9,0.39,9,education,1
49,96323,52517,407,1,8,0.21,8,home,1
35,29111,34257,666,23,14,0.26,6,education,1
63,58110,92272,580,12,11,0.32,6,education,0
28,36389,47207,427,8,8,0.28,0,business,0
41,142177,18281,528,28,8,0.16,1,car,0
59,61427,66246,410,3,13,0.16,3,personal,1
39,99579,6435,435,4,7,0.24,3,personal,1
43,48746,96357,661,10,8,0.14,2,business,0
31,142883,31660,485,23,13,0.54,6,personal,1
31,107886,10084,428,18,6,0.3,7,education,1
44,127141,87197,560,20,2,0.3,1,business,0
56,20117,18507,814,2,2,0.33,3,home,0
60,145808,77595,748,11,8,0.56,2,car,0
44,132221,88807,403,25,11,0.71,1,car,1
23,104471,50539,782,18,1,0.63,5,car,1
42,132613,12491,523,18,6,0.61,3,education,1
22,33234,55192,790,12,13,0.44,5,home,0
44,149597,85395,772,27,6,0.59,1,business,0
64,123864,68888,309,6,11,0.49,3,business,0
50,73441,78609,704,14,4,0.25,5,car,1
58,20846,14077,601,22,12,0.25,4,home,1
22,30954,25953,530,6,11,0.31,2,home,0
41,99239,81919,365,25,13,0.74,7,home,1
53,133689,72889,411,7,11,0.48,6,personal,1
32,66514,28821,312,4,13,0.61,2,personal,1
42,108236,42567,692,20,10,0.34,5,car,0
64,117579,29860,799,13,3,0.39,3,home,0
45,148644,26195,533,3,13,0.19,4,home,1
69,26469,82475,613,22,11,0.22,4,business,0
47,50105,95874,311,9,3,0.68,6,business,1
62,62101,92266,508,19,13,0.51,4,car,1
48,84323,26427,313,14,13,0.34,2,home,1
36,111922,32083,717,17,1,0.66,9,car,1
35,78067,92046,736,19,3,0.27,4,business,0
67,69376,62372,676,12,4,0.78,6,business,1
64,65587,49064,319,28,11,0.34,4,personal,1
23,56976,12813,369,7,11,0.34,4,car,1
57,124587,36598,510,8,5,0.32,8,car,1
27,147534,98106,400,15,3,0.19,2,home,0
41,87584,32082,431,18,6,0.18,5,home,1
29,124537,34241,680,15,11,0.55,0,personal,0
59,98477,49569,431,6,14,0.71,9,education,1
38,130911,16745,319,13,12,0.65,4,education,1
24,62533,31029,835,27,5,0.2,7,education,0
45,21828,18025,526,13,3,0.48,4,car,1
34,21917,19288,453,24,6,0.17,8,car,1
29,40618,94186,768,26,6,0.13,5,business,0
46,52254,11540,704,3,14,0.56,7,car,1
22,125292,86958,501,25,8,0.47,9,car,1
40,136714,73878,337,14,2,0.16,7,car,1
48,67362,46846,487,2,1,0.12,2,personal,0
67,40128,80932,356,4,4,0.79,6,car,1
27,143781,22482,319,0,7,0.12,6,home,1
64,131281,28411,572,2,11,0.41,9,home,1
28,79383,55975,418,14,10,0.45,5,business,1
67,85545,65545,815,23,3,0.18,6,personal,0
55,102180,83797,520,26,3,0.22,1,home,0
34,107958,57307,825,7,5,0.35,8,personal,1
37,29865,8093,814,28,5,0.63,9,personal,1
56,22219,82258,635,3,13,0.45,9,business,1
60,59809,27042,354,1,10,0.55,0,personal,1
24,136748,57930,799,28,3,0.79,0,car,0
22,25287,49413,835,23,9,0.64,2,personal,1
26,146593,98623,461,23,4,0.4,2,business,1
62,54387,38756,458,9,13,0.41,0,business,0
24,28512,58268,487,3,13,0.53,6,business,1
49,21342,44214,359,2,3,0.57,3,home,1
38,83076,86871,618,1,11,0.45,9,car,1
46,128872,33602,510,24,2,0.55,1,home,1
64,39216,58331,705,16,10,0.12,9,education,0
54,137512,53901,408,22,13,0.4,4,car,1
30,136682,68416,375,20,11,0.3,5,personal,1
56,113070,37196,841,23,9,0.19,8,business,0
34,99767,10626,613,19,4,0.17,3,education,0
51,117829,12424,416,22,3,0.52,1,car,1
68,46614,17857,318,12,7,0.47,4,home,1
35,56258,24982,731,4,8,0.28,2,business,0
28,113789,81961,649,29,11,0.43,1,home,0
34,62078,6980,482,20,14,0.44,0,car,0
43,126288,53290,412,29,2,0.24,9,car,1
60,103524,31431,482,8,7,0.56,1,education,1
41,116573,89976,780,24,12,0.65,5,personal,1
36,32219,87711,445,28,5,0.65,7,home,1
65,20235,31385,412,24,11,0.52,2,education,1
38,62929,43158,775,27,5,0.46,8,business,1
67,147309,28019,602,21,3,0.14,8,personal,1
44,87444,23639,417,5,5,0.3,1,education,1
46,28567,90530,460,4,12,0.17,7,home,1
45,121834,26563,700,24,2,0.77,9,car,1
65,90792,44341,497,9,4,0.19,4,business,1
61,85441,10776,559,7,6,0.21,3,home,0
49,104555,41444,346,6,1,0.72,9,personal,1
35,93698,73916,698,6,10,0.76,4,personal,1
65,144450,13711,377,5,4,0.64,3,car,1
21,137248,79318,423,20,6,0.1,7,car,1
45,25415,87970,374,28,9,0.1,3,business,1
27,56159,90553,436,19,14,0.36,9,business,1
29,63925,35707,699,2,11,0.2,5,car,0
44,146523,44110,804,18,11,0.11,1,car,0
21,25951,66788,799,21,13,0.42,4,personal,0
64,107388,87879,437,14,2,0.76,5,car,1
28,28007,43827,349,3,11,0.33,4,education,1
44,146730,10655,553,27,7,0.56,1,home,1
31,61832,49859,725,11,6,0.56,6,car,1
37,78596,58625,846,5,2,0.28,3,business,0
28,141101,57098,601,18,8,0.56,7,education,1
55,50523,20251,648,3,7,0.25,6,business,0
55,108861,5526,348,14,11,0.19,6,education,1
53,144194,73760,373,8,5,0.59,8,car,1
25,106740,52837,560,4,12,0.18,0,home,0
62,35524,16536,655,12,5,0.8,9,business,1
59,149028,33541,559,22,7,0.23,5,education,1
61,39282,84083,594,25,9,0.52,5,personal,1
48,43930,56027,612,17,11,0.39,5,car,1
27,20077,39531,481,29,9,0.19,5,home,1
29,125881,13712,663,29,9,0.12,9,car,0
28,145501,70455,487,4,6,0.54,6,personal,1
32,40611,79744,842,24,10,0.66,9,home,1
54,36984,10109,847,15,6,0.69,5,personal,1
53,34060,54268,707,26,3,0.44,0,car,0
68,102985,59615,713,18,1,0.64,2,education,0
43,104056,87503,641,13,7,0.57,1,car,0
44,145329,34759,519,24,4,0.61,5,car,1
57,63303,90708,462,29,1,0.44,7,car,1
55,79207,65112,519,15,8,0.54,2,business,1
64,95046,31589,569,26,12,0.66,9,personal,1
60,49287,35015,699,14,6,0.38,7,personal,1
42,113709,34009,481,21,6,0.66,7,personal,1
47,59711,88309,504,3,2,0.51,4,business,1
55,31954,67046,527,6,1,0.22,7,education,1
21,93340,31143,549,15,13,0.12,5,car,1
55,92101,11154,740,23,14,0.35,4,education,0
57,91520,26804,832,21,14,0.48,8,business,0
67,107062,46688,495,20,2,0.69,6,personal,1
34,122974,69288,818,21,4,0.19,7,car,1
23,38574,56195,369,20,2,0.66,0,home,1
21,29184,25581,698,7,1,0.7,1,home,1
25,39096,57648,502,16,7,0.21,7,education,1
46,87728,35087,447,15,11,0.7,8,personal,1
34,54016,54930,771,26,11,0.79,3,home,0
59,31246,37981,498,22,12,0.61,9,education,1
47,65558,74298,725,9,8,0.65,9,business,1
29,138721,51167,791,9,6,0.8,8,education,1
35,38381,80304,441,26,4,0.52,3,education,1
35,147796,48408,612,1,14,0.32,9,education,1
46,56455,44499,464,29,6,0.69,9,car,1
62,112263,57269,613,8,3,0.53,9,education,1
33,24018,43559,320,16,12,0.51,8,education,1
52,31302,79319,381,10,8,0.28,6,car,1
59,87506,53787,430,9,10,0.63,1,car,1
69,61157,40488,604,21,14,0.16,8,business,1
52,74917,79441,670,24,13,0.75,3,personal,0
24,112738,79663,683,16,13,0.33,7,home,0
50,116646,27431,744,3,2,0.19,6,home,0
57,103122,66681,724,15,5,0.41,6,education,0
43,44519,68483,460,19,1,0.13,7,business,1
59,116809,54153,477,14,6,0.58,0,education,1
65,107487,11368,789,24,2,0.73,4,home,1
35,76819,32424,626,26,4,0.69,1,car,0
63,100910,50004,588,20,6,0.19,1,personal,0
49,140430,88869,653,4,10,0.19,0,business,0
56,91324,93652,327,5,11,0.67,4,car,1
33,25408,61985,342,16,8,0.75,1,personal,1
52,79379,55069,722,0,12,0.42,3,business,0
27,45053,57326,476,24,8,0.45,2,business,0
42,29446,86061,828,18,11,0.32,2,home,0
48,20922,28398,793,3,6,0.73,1,car,0
22,118723,55861,497,16,4,0.55,5,business,1
62,71356,80897,816,8,8,0.3,1,business,0
65,30789,86905,813,23,13,0.31,7,personal,0
26,117720,73577,321,1,8,0.72,7,home,1
48,86656,70641,411,7,10,0.11,4,education,1
48,64028,14078,356,14,14,0.33,9,home,1
64,84484,30003,365,6,1,0.49,6,education,1
64,52154,67768,397,26,4,0.2,3,car,0
40,102870,56047,443,5,4,0.16,0,car,0
50,22336,76626,734,0,7,0.67,1,business,0
31,123677,62660,385,14,14,0.73,9,car,1
48,87779,54786,643,22,14,0.68,9,business,1
45,39029,6925,593,25,11,0.73,3,home,0
59,79201,88976,542,6,7,0.49,0,car,0
53,52265,31015,331,28,13,0.67,7,home,1
21,122916,38320,690,29,11,0.37,8,home,1
47,132250,69881,576,24,8,0.57,3,car,1
33,136553,95827,831,16,11,0.79,9,home,1
61,63872,31289,453,1,5,0.26,2,car,0
23,66197,8389,682,26,7,0.37,1,car,0
59,145733,30683,367,8,8,0.44,4,car,1
26,75180,18629,513,28,9,0.2,2,education,0
28,43710,66550,675,8,3,0.16,9,home,0
47,49486,29826,512,12,3,0.68,6,personal,1
29,91907,31630,378,5,4,0.78,5,car,1
57,148876,51163,680,5,5,0.38,0,home,0
53,91895,71435,357,19,10,0.16,7,business,1
62,84435,16653,325,19,1,0.15,1,car,1
64,60631,32961,746,20,7,0.72,4,car,1
44,149038,86941,365,2,9,0.42,8,personal,1
35,121532,79137,553,16,8,0.32,7,education,1
52,40103,38662,343,16,5,0.43,1,education,0
52,84772,61446,396,11,14,0.32,8,car,1
44,146108,26288,526,15,14,0.44,4,home,1
61,34382,41877,735,14,4,0.7,9,business,1
69,104291,20313,678,12,12,0.51,5,business,1
69,121195,85885,477,22,7,0.59,2,home,1
32,23756,77715,726,0,5,0.36,2,car,0
59,40609,15326,606,16,7,0.62,9,business,1
22,134074,6560,803,2,12,0.57,7,education,1
23,36478,84148,567,25,1,0.18,9,home,1
69,120978,88186,307,14,1,0.5,9,personal,1
57,59666,31745,807,3,10,0.28,1,car,0
69,95683,36890,775,3,14,0.66,1,home,0
37,119097,25022,596,17,13,0.4,4,business,0
69,144714,57579,463,16,3,0.8,5,car,1
22,120420,75316,784,18,14,0.16,1,education,0
22,91315,88847,371,10,11,0.65,4,car,1
48,97834,33380,537,19,2,0.57,6,car,1
43,146205,7356,403,2,2,0.64,9,education,1
57,34153,75326,509,7,7,0.32,9,education,1
52,129415,97447,767,13,12,0.44,7,car,0
53,96325,94899,753,25,10,0.66,6,education,1
21,129701,25049,567,0,2,0.26,7,home,1
39,32999,80717,685,13,11,0.26,8,education,1
22,75318,21082,686,1,4,0.49,4,education,1
64,20814,5661,558,28,2,0.47,4,car,1
46,135033,42412,582,22,6,0.3,9,home,0
52,96077,7920,339,3,8,0.31,3,personal,1
26,110474,96194,785,23,10,0.29,8,personal,1
52,22443,65315,519,26,4,0.64,4,business,1
24,95993,84561,428,28,5,0.56,1,education,1
31,95916,13946,819,18,4,0.68,9,education,1
37,93319,99242,559,5,3,0.78,7,home,1
58,145885,50500,665,24,5,0.43,6,personal,0
44,129777,21309,843,0,14,0.15,7,business,0
25,37368,60230,823,16,9,0.13,2,home,0
54,35328,35027,315,7,8,0.31,3,education,0
26,76942,77541,428,18,8,0.75,4,personal,1
42,111751,64321,408,20,8,0.47,5,business,1
31,119131,5956,832,0,12,0.29,0,car,0
68,47306,79131,568,4,8,0.38,3,personal,0
36,105451,52908,461,26,7,0.52,9,business,1
53,59915,83339,559,15,8,0.56,4,home,1
29,57219,30963,401,5,11,0.21,6,car,1
26,100879,44443,805,7,14,0.78,4,business,1
36,131939,44063,546,12,8,0.48,0,business,1
49,84644,85818,836,15,13,0.19,6,education,1
23,80279,9703,430,29,14,0.73,7,personal,1
40,73028,70128,652,2,8,0.15,6,education,0
56,124263,77099,495,18,12,0.74,3,car,1
39,20126,30849,681,11,10,0.8,7,business,1
46,72329,36860,526,15,7,0.59,4,education,1
23,47632,36585,775,26,12,0.64,9,personal,1
39,127099,27015,776,10,1,0.34,8,car,0
40,85310,82539,564,9,4,0.76,9,home,1
52,129945,48585,671,24,13,0.47,4,education,1
27,75176,31958,785,19,13,0.61,0,car,0
61,139797,31017,733,3,4,0.75,8,home,1
53,106066,81707,510,11,5,0.78,4,education,1
60,125500,50350,676,22,10,0.68,5,car,1
59,146413,17201,694,1,6,0.31,3,car,0
38,64327,34426,749,23,4,0.78,5,education,1
60,88904,22778,663,21,2,0.54,7,car,1
21,23797,50241,756,18,6,0.75,2,business,0
31,67882,47229,525,24,8,0.57,4,education,1
48,33718,91652,430,4,8,0.32,1,car,1
45,54560,53364,775,7,7,0.36,1,home,0
43,96589,89878,576,6,6,0.49,6,home,1
51,42116,62056,455,13,2,0.65,9,business,1
50,56244,32490,517,23,7,0.32,9,education,1
62,121721,24975,489,22,11,0.51,9,car,1
55,21645,31723,716,2,12,0.34,5,car,1
27,67523,28279,845,17,14,0.67,3,home,0
36,144085,83301,340,15,14,0.43,4,business,1
46,137718,16561,606,22,5,0.15,0,home,0
68,39256,71061,637,18,6,0.22,6,home,1
69,121376,93397,613,18,10,0.14,7,business,0
22,120158,54153,374,17,8,0.45,8,education,1
21,73173,38142,578,19,14,0.17,7,car,1
68,57430,31916,475,15,8,0.18,4,education,1
32,59282,69324,572,7,3,0.76,2,personal,1
25,139719,49965,588,27,12,0.71,9,personal,1
57,83374,9648,571,0,12,0.42,8,personal,1
52,88244,40133,365,16,14,0.79,5,business,1
29,31694,55677,782,11,7,0.1,4,home,0
61,76264,99588,547,29,1,0.53,2,education,1
55,95060,75135,455,20,1,0.53,5,car,1
39,117416,40046,346,10,7,0.42,2,personal,0
68,77545,52064,753,4,10,0.38,9,education,1
36,138195,74350,500,26,9,0.42,5,personal,1
23,59224,50893,423,11,7,0.39,3,personal,1
40,122516,66272,300,16,10,0.61,1,car,1
44,117945,97152,490,5,5,0.19,7,business,1
53,33224,72649,815,0,8,0.24,3,home,0
44,60738,69674,741,4,2,0.23,8,business,0
31,45150,18760,442,24,9,0.28,6,education,1
69,83731,26927,490,27,6,0.47,1,business,0
28,69688,91475,832,13,13,0.18,3,education,0
56,119929,66367,526,4,9,0.71,4,education,1
58,128618,17588,612,21,2,0.31,2,home,0
60,93509,57233,601,23,3,0.21,8,car,0
40,28577,49738,759,26,12,0.57,4,home,1
55,28070,38397,700,0,8,0.13,1,business,0
68,146161,87189,692,29,1,0.53,2,education,0
45,28666,81367,506,17,10,0.59,8,personal,1
55,77761,76260,509,15,7,0.25,6,personal,1
45,141178,81619,414,8,7,0.13,1,education,1
49,56368,24816,550,18,13,0.35,8,home,1
38,26783,47240,518,21,1,0.17,3,car,1
66,131530,11276,706,4,9,0.18,8,home,0
38,61914,84530,742,26,8,0.28,1,education,0
22,90507,28499,653,1,4,0.31,9,education,0
55,147738,93576,849,29,10,0.47,3,car,0
36,99026,87495,441,14,11,0.57,4,business,1
61,135893,76635,800,6,5,0.51,1,business,0
56,131255,90112,846,3,2,0.2,9,car,1
53,130616,40946,841,0,13,0.22,0,business,0
24,87526,60204,806,12,9,0.72,6,personal,1
53,90835,56886,580,19,12,0.49,9,business,0
34,65765,76652,723,21,12,0.71,0,business,0
41,39956,20563,569,6,6,0.36,7,business,1
68,107895,97324,453,14,3,0.53,2,personal,1
40,66240,97464,382,22,12,0.47,9,business,1
28,141008,14847,725,13,7,0.32,5,personal,1
27,57148,31155,574,22,9,0.43,6,car,1
23,114270,84671,583,18,3,0.45,9,home,0
37,147978,88310,472,21,2,0.24,0,car,0
53,24757,72278,626,28,7,0.32,5,home,0
68,39097,23309,362,23,7,0.65,6,car,1
32,30395,5619,372,19,4,0.74,5,home,1
42,36241,88194,674,28,11,0.35,3,home,0
42,123892,55108,807,23,9,0.31,0,education,0
66,47696,39707,697,17,14,0.24,8,home,0
50,135654,25337,419,9,8,0.57,3,home,1
58,90480,86537,736,8,13,0.33,6,education,0
58,66163,71504,764,24,13,0.79,6,business,1
65,39816,52614,585,7,1,0.33,1,business,0
28,69840,96428,564,25,1,0.38,0,education,0
47,122547,96155,619,29,5,0.52,7,personal,1
47,72853,5281,675,28,6,0.66,7,home,1
54,44917,32420,388,9,3,0.43,6,home,1
41,116731,85896,502,16,13,0.4,7,education,1
50,41566,44030,633,1,9,0.8,2,education,0
53,95452,6058,521,5,12,0.11,1,personal,0
48,82823,91213,340,25,10,0.73,6,business,1
67,141392,81260,367,4,14,0.2,7,car,1
53,40806,33404,813,27,6,0.65,0,business,0
25,95520,34856,426,29,4,0.53,9,home,1
68,21759,14200,554,8,12,0.34,8,education,1
39,146092,69178,315,4,7,0.71,3,personal,1
24,61949,38997,776,17,8,0.11,3,business,0
55,112374,30611,361,25,9,0.26,2,personal,1
69,22482,46235,731,19,13,0.5,5,business,0
37,44442,40057,567,8,11,0.35,0,home,0
64,53719,6239,334,16,6,0.53,5,car,1
48,78066,70661,793,26,6,0.12,1,personal,0
50,113501,50272,768,16,8,0.18,8,personal,0
49,22079,94393,624,11,12,0.19,1,car,0
66,22717,66212,603,6,5,0.23,6,personal,0
26,79676,20398,575,26,14,0.42,0,personal,0
55,47952,61503,500,2,3,0.63,6,business,1
61,106444,11638,744,9,12,0.73,4,business,1
57,62460,11570,623,1,3,0.68,7,car,1
44,110397,73785,334,24,13,0.24,3,home,0
49,92847,14110,781,2,6,0.41,9,personal,0
69,113607,84141,779,15,2,0.24,6,home,0
66,109106,17115,364,1,6,0.29,5,car,1
51,38449,44062,307,27,13,0.45,4,car,1
55,53536,27911,600,23,6,0.15,3,business,0
53,84077,37556,642,9,8,0.25,6,personal,0
41,58258,83131,730,5,7,0.75,4,education,1
52,68302,6969,723,21,8,0.43,4,car,1
43,145937,48753,631,25,14,0.41,0,personal,0
53,48865,87811,737,10,9,0.11,1,home,0
23,26645,9470,473,22,6,0.27,4,business,1
38,139771,15225,826,6,14,0.71,2,home,0
45,58000,28196,325,26,3,0.22,1,car,0
62,46737,18669,705,28,10,0.39,3,car,0
51,31485,42380,531,14,3,0.11,3,home,1
23,58565,53320,832,5,11,0.43,3,car,0
60,45522,52414,849,19,12,0.11,3,personal,0
66,139614,20577,804,26,1,0.67,2,car,0
44,85155,93009,478,8,11,0.68,6,business,1
52,75168,60409,431,21,13,0.65,8,personal,1
67,72487,33625,754,19,5,0.3,4,education,1
42,149948,86040,647,11,14,0.69,3,car,0
43,32342,29089,839,18,4,0.48,1,car,0
22,60806,41487,705,19,9,0.36,1,business,0
47,68770,70838,375,2,9,0.54,4,business,1
62,98623,99795,791,14,14,0.11,6,home,0
22,123177,55138,493,1,5,0.2,9,home,1
46,119785,47823,461,29,10,0.62,9,home,1
37,95629,42208,646,20,4,0.27,8,business,0
60,140993,59061,660,1,7,0.52,6,home,1
53,72603,35659,386,21,6,0.37,4,home,1
29,146944,36890,561,2,4,0.7,9,education,1
63,132726,84134,513,5,13,0.77,9,home,1
68,101974,52055,561,14,13,0.72,9,car,1
59,125947,24508,582,26,10,0.29,5,business,1
49,46399,47287,766,9,2,0.24,2,personal,0
62,148177,83916,679,8,1,0.43,4,education,0
46,105382,31984,661,0,4,0.11,7,business,0
55,101244,13125,748,15,4,0.12,0,business,0
45,129575,41059,740,5,13,0.49,0,car,0
44,135520,74569,392,8,1,0.46,6,home,1
33,130904,22087,723,26,6,0.8,4,car,1
27,96534,10704,441,3,4,0.24,4,home,1
56,75106,65576,590,26,1,0.28,0,home,0
65,132599,78384,731,27,1,0.18,8,business,0
40,50678,92128,348,1,13,0.74,0,home,1
21,96218,77460,601,28,1,0.64,4,education,1
28,83230,32208,489,3,8,0.68,9,education,1
66,134684,90150,435,0,10,0.73,8,education,1
36,94055,71024,703,18,8,0.47,3,business,0
34,76373,44882,640,25,2,0.42,7,car,0
32,51480,30923,617,24,11,0.33,5,personal,0
43,105230,34165,662,9,13,0.51,2,home,0
35,88836,72203,681,20,7,0.42,3,personal,0
48,92258,96749,532,14,14,0.42,1,car,0
54,59986,9114,643,26,8,0.76,0,car,0
22,44160,69965,848,21,8,0.79,7,business,1
52,105595,41321,828,18,11,0.66,0,education,0
43,121358,78297,482,15,10,0.63,0,education,1
42,99111,30426,340,20,11,0.58,3,car,1
45,84929,22772,696,26,13,0.22,9,business,0
42,93506,8712,793,23,7,0.14,9,business,0
42,54911,6367,632,21,5,0.58,5,home,1
69,107127,96736,426,3,1,0.61,8,education,1
62,51821,56924,300,1,12,0.13,0,car,1
26,95039,8726,467,29,9,0.75,6,personal,1
35,80535,94152,318,24,13,0.16,9,education,1
63,133453,32723,631,12,7,0.3,4,home,0
57,104458,14108,755,27,2,0.57,7,business,1
53,32175,82714,408,0,6,0.22,6,car,1
28,139235,40643,567,16,2,0.14,3,education,0
64,74771,36324,744,12,1,0.33,3,personal,0
64,126660,88360,539,3,14,0.64,5,home,1
25,147157,13927,600,6,7,0.39,5,home,0
59,141300,98680,402,16,13,0.56,8,education,1
24,106925,27443,549,8,2,0.51,4,personal,1
26,133374,84973,752,3,13,0.12,7,home,0
65,86358,68449,819,18,14,0.79,4,car,1
52,37327,81743,452,0,14,0.13,1,home,1
50,67057,65233,473,9,2,0.78,5,personal,1
67,26150,30537,642,3,13,0.48,8,business,1
55,24425,82576,730,8,11,0.77,2,business,0
60,143654,27612,623,12,5,0.18,0,education,0
36,36032,98977,719,13,14,0.44,0,personal,0
33,22198,11471,784,9,5,0.22,2,home,0
62,80500,40631,711,5,7,0.14,9,home,1
50,73394,97059,383,15,1,0.53,4,business,1
39,40079,36348,412,5,8,0.25,2,business,0
37,56220,69732,631,16,3,0.51,8,car,1
39,61874,6177,677,9,4,0.18,7,business,0
48,33859,9760,340,17,9,0.33,2,car,0
46,70460,37779,404,26,4,0.65,8,home,1
57,51419,26636,501,21,10,0.41,5,car,1
46,138865,86889,749,17,12,0.54,6,car,1
43,28705,58551,565,2,5,0.55,3,education,1
29,62880,16556,509,19,7,0.69,3,business,1
32,149838,32598,417,26,4,0.33,1,car,0
21,43236,16563,676,20,14,0.58,4,home,1
21,107955,51819,839,24,1,0.77,7,personal,1
67,105514,78770,383,27,9,0.61,6,car,1
54,123145,96055,753,14,4,0.44,6,business,0
52,35358,31966,813,14,9,0.54,5,education,1
68,119713,86709,686,3,6,0.62,2,home,0
45,114914,64889,649,28,1,0.53,4,education,1
60,122870,31987,595,26,12,0.11,0,personal,0
65,96918,83714,557,8,3,0.24,6,car,1
21,139179,63348,380,26,11,0.67,8,car,1
36,136243,29596,567,25,2,0.29,0,business,1
59,34596,38174,718,18,9,0.61,1,car,1
25,53572,69106,534,23,12,0.36,2,home,0
42,98757,74967,610,27,1,0.47,2,personal,0
49,21279,64182,656,16,13,0.15,7,education,0
23,83197,98300,512,10,14,0.23,6,personal,1
32,131496,92163,348,24,9,0.77,5,car,1
46,82516,44310,426,8,9,0.72,9,education,1
36,27083,61088,522,9,8,0.56,9,business,1
57,140674,13906,578,17,8,0.42,3,personal,0
42,140307,41914,707,19,11,0.57,8,education,1
49,146457,50379,804,12,14,0.53,0,education,0
34,129397,83612,593,7,12,0.5,1,education,0
48,37771,42650,576,6,1,0.14,3,home,0
25,49975,51881,737,16,11,0.54,2,personal,0
67,65648,51413,406,20,8,0.64,0,education,1
69,145641,11012,719,22,10,0.8,4,personal,1
50,68285,55115,728,14,14,0.11,6,education,0
66,39063,12151,674,19,3,0.61,1,business,1
25,87642,62716,372,14,11,0.5,4,business,1
32,110093,98747,329,0,7,0.4,5,business,1
36,134390,97653,487,24,11,0.19,6,car,1
46,106143,41378,663,13,1,0.39,0,education,0
46,57599,47652,750,4,1,0.35,6,car,0
68,71920,77430,494,10,10,0.31,3,personal,0
41,48529,18467,455,15,13,0.61,7,car,1
59,55954,36010,471,1,5,0.59,3,personal,1
56,47856,59691,340,7,5,0.51,5,personal,1
53,22573,69157,362,10,8,0.76,8,personal,1
50,98344,17289,322,28,7,0.34,4,car,1
57,55367,49976,659,17,8,0.27,3,education,0
43,122337,48596,374,2,6,0.56,7,car,1
30,126732,28171,417,29,6,0.24,8,education,1
25,119608,91365,679,25,2,0.32,3,education,0
56,80774,49139,589,0,6,0.26,2,personal,0
54,43752,53713,739,10,5,0.15,7,car,0
51,75029,34734,306,15,13,0.68,4,education,1
30,37685,77588,495,17,3,0.28,1,business,1
39,71693,68646,720,29,6,0.43,9,education,0
52,136739,8654,492,15,8,0.13,8,business,1
21,75961,94022,447,22,9,0.59,2,car,1
25,126937,23743,501,9,1,0.33,1,car,1
65,144956,53368,743,17,3,0.62,0,car,0
24,96908,95025,718,5,3,0.39,7,education,0
36,145537,79172,726,18,11,0.24,2,home,0
44,146678,11441,778,3,8,0.46,6,education,0
36,94532,29611,774,26,1,0.19,0,education,0
22,101994,17149,425,12,5,0.41,0,personal,0
69,76133,64189,694,23,3,0.32,8,personal,1
48,117425,26675,624,13,2,0.74,7,education,1
52,145055,76031,691,2,8,0.14,2,business,0
47,81268,47668,739,9,3,0.59,5,personal,1
40,112201,18673,503,5,7,0.23,2,education,0
44,58243,81666,785,0,12,0.32,3,home,0
32,77384,93204,330,22,11,0.39,0,business,1
55,51653,85758,687,23,1,0.74,4,car,1
53,46657,70429,733,26,6,0.27,0,education,0
53,59952,28669,675,13,3,0.16,0,education,0
63,42180,39068,643,7,8,0.32,9,business,0
57,117432,93789,742,18,6,0.17,6,personal,1
32,141829,14435,374,13,12,0.19,5,personal,1
23,148377,99088,454,9,2,0.5,1,personal,0
21,98411,57249,729,16,6,0.14,1,car,0
53,21622,42384,662,8,7,0.12,6,business,1
60,68756,86929,747,28,5,0.6,0,business,0
30,60809,81153,533,5,3,0.35,1,personal,0
63,36725,80388,561,10,4,0.19,7,personal,1
64,81396,36401,424,24,4,0.28,5,home,1
49,71226,76831,544,6,6,0.55,1,home,1
33,126296,39084,841,16,10,0.29,6,education,1
32,101182,60826,784,27,1,0.45,3,education,0
51,102565,41451,421,27,11,0.19,1,business,1
66,49402,12227,424,0,4,0.51,5,business,1
22,24263,36910,848,21,10,0.32,8,car,1
55,143489,41041,469,4,13,0.54,8,car,1
43,116523,93920,423,8,4,0.67,7,home,1
37,66828,70681,334,17,10,0.53,2,education,1
46,140824,86571,386,23,1,0.31,2,home,1
28,67924,70481,500,26,9,0.28,1,home,0
49,94182,73576,668,20,4,0.33,4,education,0
46,113065,69174,376,1,7,0.22,3,car,1
30,79052,31160,358,28,12,0.23,6,education,1
46,31664,22633,730,25,14,0.65,3,personal,0
54,55737,99880,799,10,3,0.37,8,personal,1
61,121332,22014,408,26,10,0.41,1,personal,1
27,109563,85532,577,27,12,0.52,5,business,1
24,49373,54104,367,5,3,0.51,6,car,1
65,137369,46621,368,25,14,0.15,3,car,0
31,56397,82231,464,7,8,0.68,5,business,1
49,148575,73388,788,3,8,0.22,6,home,1
56,106145,21014,604,17,11,0.61,3,personal,0
45,121371,97578,664,27,12,0.64,7,personal,1
41,58709,38755,678,10,1,0.6,8,home,1
56,136074,45390,642,4,10,0.51,0,education,0
30,81120,28711,653,14,2,0.11,6,education,0
57,39250,96658,715,27,8,0.35,8,car,1
29,41172,62993,408,17,1,0.52,9,business,1
44,31555,79696,796,1,12,0.37,4,car,1
55,107410,32213,640,21,8,0.7,1,education,0
69,98617,62784,682,10,8,0.32,9,home,0
55,73276,12421,832,25,2,0.31,5,car,0
68,77492,91936,599,24,4,0.29,6,personal,0
56,73002,22727,438,12,6,0.33,1,personal,0
38,140103,9358,658,3,12,0.49,1,home,0
69,144938,70108,798,21,11,0.59,9,education,1
59,109599,99018,684,6,9,0.56,9,personal,1
52,92355,37117,579,28,8,0.67,0,personal,1
44,111248,93700,782,10,12,0.72,3,business,0
43,44762,36910,410,21,8,0.67,6,car,1
52,31046,60754,438,23,7,0.11,8,education,1
57,116999,67438,734,3,14,0.62,2,car,0
32,144130,34371,808,27,13,0.25,6,education,0
69,136021,56501,572,14,9,0.19,6,personal,1
33,48769,65946,398,0,2,0.55,6,business,1
43,73302,43467,403,22,3,0.32,1,car,0
45,43150,22625,513,2,10,0.14,5,personal,1
55,88247,38893,464,13,8,0.2,1,education,0
61,24853,81329,819,5,14,0.1,5,car,1
50,114613,36007,583,17,6,0.73,9,car,1
37,140900,96302,816,24,10,0.12,2,personal,0
69,109399,44532,463,0,9,0.25,1,car,0
40,41792,59253,363,5,10,0.39,5,business,1
68,79129,17323,390,5,4,0.35,1,business,0
45,126019,78379,416,20,8,0.74,4,personal,1
42,94478,19210,566,15,10,0.13,1,education,1
33,133811,21456,439,28,3,0.46,2,personal,0
39,134130,36367,545,4,3,0.58,2,business,1
69,87298,59624,694,16,8,0.75,5,home,1
56,51987,15106,786,9,5,0.53,5,home,1
32,35850,73008,775,27,3,0.66,9,car,1
61,32112,77240,816,20,10,0.16,2,car,0
39,141789,69315,483,17,11,0.37,2,home,1
32,44058,74249,319,6,1,0.36,0,business,1
29,65420,75587,823,2,3,0.72,6,car,1
27,58890,15756,828,12,12,0.21,7,personal,0
48,86017,73011,446,14,9,0.21,1,personal,1
34,67304,41378,603,19,5,0.33,3,business,0
51,52921,9255,527,18,12,0.14,9,car,1
39,125921,19484,401,2,10,0.23,6,personal,1
67,21524,61549,716,3,2,0.78,7,car,1
36,120424,39503,515,4,7,0.4,0,car,0
25,35048,78794,706,0,2,0.54,3,personal,0
55,55111,50113,698,3,4,0.61,5,home,1
32,57904,79069,798,11,12,0.36,2,personal,0
45,74912,10249,764,27,7,0.2,4,business,1
41,54008,24201,381,26,4,0.24,9,education,1
56,20060,63576,664,23,7,0.32,8,personal,1
43,94666,14686,462,9,7,0.55,2,car,1
36,103559,58363,347,22,1,0.38,4,car,1
59,75337,5661,810,24,6,0.1,7,personal,0
65,130616,49843,628,20,9,0.47,5,education,1
62,33350,65963,415,28,2,0.75,3,personal,1
59,44354,47828,636,25,14,0.67,7,education,1
34,65186,53604,446,19,3,0.68,2,education,1
51,48145,15526,622,23,10,0.66,2,business,0
25,54020,73910,742,24,5,0.33,3,car,0
55,106123,30592,312,12,9,0.64,8,car,1
43,126667,33982,793,22,4,0.2,4,education,0
49,95186,5207,586,13,1,0.56,7,car,1
63,105469,93733,413,22,4,0.55,5,home,1
31,40581,73619,779,4,6,0.12,2,education,0
38,108929,34328,321,3,5,0.65,7,car,1
67,43051,51479,648,13,14,0.73,8,home,1
32,71474,25103,619,9,13,0.29,7,business,1
29,111748,44891,425,16,1,0.67,3,car,1
30,145995,15754,576,9,4,0.16,5,home,1
64,134618,86437,503,25,6,0.52,0,personal,1
37,89626,77982,493,6,13,0.44,3,personal,0
58,26960,60922,846,15,10,0.48,7,home,0
27,55772,53231,585,0,10,0.75,0,education,0
66,41520,34301,356,16,14,0.71,2,education,1
33,69481,96652,602,20,4,0.65,0,car,0
60,56408,67711,462,28,14,0.29,8,personal,1
62,114006,46323,318,8,9,0.74,1,education,1
29,148496,23752,669,5,5,0.17,8,education,0
47,77134,87205,563,18,8,0.7,3,personal,1
22,40491,18395,412,12,9,0.33,1,business,0
25,21341,90957,787,2,10,0.14,3,education,0
49,64623,61273,626,6,5,0.57,9,home,1
57,110327,96878,841,21,6,0.26,5,car,0
58,20338,9895,364,8,1,0.27,6,education,1
39,91431,81559,591,21,11,0.31,2,education,0
28,32254,15699,324,4,12,0.14,2,business,1
68,71860,70061,848,9,7,0.22,9,home,0
65,31344,14715,300,22,4,0.1,7,car,1
21,21750,24169,848,16,11,0.41,4,education,0
42,74756,21163,440,11,2,0.16,3,car,1
37,87957,10782,487,22,5,0.58,6,personal,1
27,125423,93177,427,15,12,0.26,6,education,1
45,78053,89328,500,2,3,0.76,8,education,1
65,90855,40585,426,29,6,0.71,8,personal,1
24,35896,35682,556,24,8,0.3,4,business,1
56,75761,52864,846,21,7,0.65,7,education,1
26,82552,89416,493,8,3,0.66,9,car,1
51,140075,60114,403,28,8,0.79,0,home,1
39,97454,43067,834,14,2,0.52,8,car,1
64,146522,47685,564,4,10,0.16,7,business,1
59,138681,23073,683,22,9,0.55,5,home,1
47,110600,41035,559,12,4,0.54,2,car,1
30,142732,69977,713,13,1,0.55,2,car,0
46,132153,95373,657,19,8,0.32,7,personal,0
39,142926,88362,374,14,7,0.7,4,business,1
59,47935,95517,654,15,11,0.77,9,personal,1
23,57641,70450,487,22,13,0.25,6,home,1
65,49711,15382,589,12,5,0.16,4,personal,0
33,90342,9437,344,16,10,0.24,7,business,1
48,126896,75971,382,22,13,0.67,9,education,1
40,32182,69612,422,7,5,0.57,9,education,1
48,107833,95355,657,20,7,0.55,3,home,0
28,76276,66929,827,1,5,0.38,1,education,0
61,39541,17329,365,4,8,0.5,2,personal,0
59,114457,30169,674,5,11,0.32,7,home,1
21,102310,92468,461,11,13,0.43,6,business,1
23,64813,39594,679,17,6,0.66,1,home,0
33,57198,81957,657,29,13,0.79,5,home,1
48,28820,65631,487,21,5,0.75,8,car,1
69,44070,50033,621,21,9,0.75,3,car,0
45,89768,68133,749,0,11,0.38,8,home,1
53,31122,78165,773,29,2,0.43,1,education,0
58,100559,78861,312,16,1,0.59,1,car,1
26,93543,57290,483,29,8,0.75,8,business,1
64,103441,99031,410,10,12,0.2,6,personal,1
65,61786,36750,807,9,3,0.31,6,car,1
52,114934,45461,589,18,14,0.2,0,home,0
65,119804,78800,594,13,11,0.53,5,education,1
67,26737,83222,750,25,12,0.31,6,personal,1
41,56062,29226,514,9,12,0.33,5,car,1
36,74237,11721,326,14,12,0.15,5,education,1
41,71571,61154,530,27,7,0.34,1,education,1
31,45510,25609,620,18,10,0.7,5,education,1
57,39426,57130,532,3,13,0.26,3,home,1
56,57265,77909,736,1,11,0.59,8,business,1
55,37850,60249,832,8,8,0.54,0,education,1
39,138249,53895,702,9,13,0.7,7,personal,1
40,86150,99473,352,27,13,0.19,4,car,1
38,107312,10656,612,10,6,0.78,0,personal,0
67,109613,79520,580,13,12,0.51,3,home,0
61,94910,68740,330,6,10,0.8,0,home,1
69,72375,69309,636,22,14,0.74,5,personal,1
34,141826,34984,482,14,9,0.26,1,business,0
35,55435,78822,322,21,7,0.14,4,home,1
51,116443,10901,843,18,10,0.28,6,home,1
21,77132,36552,745,21,5,0.47,1,personal,0
23,98945,96245,373,14,8,0.22,5,home,1
36,102050,36055,309,29,2,0.22,5,business,1
43,149828,42685,783,27,7,0.42,4,business,0
31,115402,78965,755,23,4,0.12,4,business,0
32,22983,19716,459,7,9,0.19,2,car,1
30,117241,16138,313,10,12,0.39,9,business,1
52,40662,40298,477,28,1,0.14,9,business,1
36,43510,56112,711,8,7,0.38,1,car,0
28,98187,28429,352,14,6,0.43,6,education,1
58,60998,55200,707,0,8,0.42,0,home,0
32,76846,76308,321,29,5,0.71,5,business,1
44,114071,53244,329,0,1,0.47,5,home,1
48,26640,22347,559,18,1,0.43,2,personal,1
28,64547,21920,504,2,9,0.39,1,home,0
48,74620,36822,358,9,10,0.67,1,car,1
56,35317,51659,770,7,6,0.73,8,home,1
46,135608,45108,765,14,10,0.7,4,home,1
28,27564,94099,311,9,5,0.57,6,home,1
48,47345,12967,589,0,1,0.2,4,education,0
48,133824,16871,653,28,6,0.29,6,education,0
57,114223,99299,374,17,6,0.13,3,personal,1
61,143372,82452,740,1,3,0.75,7,car,1
56,99273,79270,540,18,13,0.56,9,home,1
47,94859,38613,453,12,8,0.62,9,home,1
37,100765,33179,395,21,14,0.32,6,home,1
29,130017,57188,593,0,1,0.69,9,home,1
53,94038,60099,508,1,1,0.28,4,education,1
40,143618,40262,642,28,6,0.1,5,personal,0
33,72393,83213,387,15,10,0.36,4,business,1
48,86081,23268,689,14,13,0.5,6,car,1
68,145341,82866,624,12,1,0.44,1,home,0
49,122650,91269,456,15,6,0.7,4,personal,1
33,49430,65545,436,16,1,0.17,9,business,1
66,95532,97822,727,20,14,0.49,2,personal,0
55,47788,77146,751,28,13,0.46,8,education,1
26,115505,76966,440,28,6,0.3,5,business,1
38,68543,44922,382,6,3,0.68,9,personal,1
25,33919,84364,476,23,14,0.63,2,education,1
67,89346,47913,497,25,14,0.61,6,personal,1
45,116122,60677,720,16,8,0.71,3,personal,0
22,59974,54841,700,6,13,0.61,2,business,0
30,127309,51332,770,12,6,0.26,7,education,0
50,36371,97062,517,4,13,0.59,3,home,1
65,65084,30032,474,25,11,0.32,0,car,0
25,49629,42846,322,16,13,0.27,5,business,1
53,71184,64474,534,2,1,0.15,9,education,1
21,81916,49936,312,6,5,0.62,0,personal,1
38,147293,34794,400,25,8,0.6,4,education,1
52,93972,66588,835,16,3,0.26,6,car,1
67,82187,75984,822,6,12,0.62,5,car,1
69,32984,55331,751,20,6,0.74,1,home,0
31,53039,99397,730,0,5,0.18,3,home,0
41,105431,33141,832,16,6,0.26,1,car,0
46,103691,14074,592,29,10,0.63,0,business,0
45,78606,11406,400,16,1,0.29,2,business,0
42,30616,28291,801,10,7,0.54,2,personal,0
47,122665,46568,603,24,9,0.16,6,home,0
69,125373,51851,839,26,2,0.42,0,personal,0
33,70072,59823,654,28,10,0.62,8,home,1
53,44574,28312,602,2,5,0.58,5,car,1
54,23430,48108,795,14,10,0.67,3,business,0
61,139123,71918,526,28,4,0.71,2,business,1
55,32676,39171,535,20,6,0.64,2,car,1
21,30816,46779,754,10,6,0.57,1,personal,1
41,52733,73828,312,25,11,0.12,1,personal,0
68,105680,17411,509,27,2,0.47,9,education,1
26,22050,62009,696,15,2,0.13,4,home,1
48,129996,20422,399,24,4,0.67,8,personal,1
37,53933,47468,330,21,1,0.32,1,car,1
25,44951,37371,827,27,9,0.49,1,personal,0
51,52413,62022,628,8,14,0.3,5,business,0
25,54801,76229,465,23,14,0.65,9,home,1
58,75619,56196,758,23,13,0.72,1,education,0
23,52913,85354,399,0,7,0.38,3,home,1
43,132573,31715,472,28,12,0.7,5,business,1
57,139076,32605,461,24,7,0.29,4,business,1
57,60600,36174,562,21,3,0.47,0,business,0
30,77775,14956,573,15,11,0.7,5,business,1
30,110816,81373,302,8,12,0.33,0,car,0
39,149972,74252,327,18,3,0.77,2,education,1
37,110093,66949,625,11,1,0.19,9,business,0
41,132590,67646,448,18,3,0.11,4,business,1
34,55400,75017,839,21,3,0.73,9,personal,1
29,24494,68037,787,8,4,0.15,4,education,0
66,100688,94818,737,6,4,0.79,9,home,1
21,142744,11548,364,13,3,0.77,5,education,1
65,109431,78294,655,28,10,0.2,9,education,0
33,94691,28177,832,18,12,0.48,7,education,0
24,117419,29022,551,18,8,0.23,4,business,1
21,128730,10542,534,1,8,0.4,0,business,1
69,63001,96012,526,8,13,0.14,4,car,1
60,87364,65428,824,12,13,0.26,2,home,0
52,144988,27740,612,14,1,0.35,3,personal,0
54,65028,64353,348,2,7,0.41,7,education,1
48,127434,95353,417,10,11,0.78,6,home,1
51,117659,61532,353,20,2,0.67,4,home,1
28,57573,21052,343,13,1,0.62,1,car,1
59,20806,52076,352,29,3,0.48,5,personal,1
46,144343,58420,824,24,4,0.69,5,education,1
54,76638,5671,401,7,13,0.34,9,personal,1
23,148301,5163,697,17,6,0.6,9,car,1
32,146295,46424,437,18,10,0.8,5,business,1
21,126506,58744,686,15,14,0.32,8,home,1
64,49757,75331,410,1,5,0.57,7,education,1
25,54636,15634,316,7,14,0.69,7,business,1
50,100097,9798,481,21,4,0.74,0,car,1
50,68280,27420,835,5,8,0.6,4,personal,1
37,44262,34300,840,11,11,0.3,6,home,0
68,100435,94881,470,14,12,0.33,5,education,1
67,82211,15749,708,24,14,0.11,4,business,0
43,74842,30121,677,7,4,0.63,7,business,1
35,148583,42487,487,3,13,0.13,2,home,0
57,76979,98947,529,14,10,0.71,5,personal,1
41,134524,38361,418,27,12,0.18,4,car,1
34,101470,26223,455,19,13,0.22,7,personal,1
22,58197,77930,764,24,2,0.43,3,personal,0
31,61844,19056,403,16,3,0.62,7,personal,1
59,84754,33380,801,12,6,0.2,9,home,0
58,121868,31035,474,17,8,0.41,1,home,0
54,54157,35620,720,1,8,0.44,8,car,1
58,97129,24877,433,12,11,0.25,8,personal,1
54,60042,60316,690,12,9,0.18,9,home,0
38,81665,69041,800,21,7,0.69,9,car,1
50,135512,58352,332,14,13,0.45,5,car,1
35,136953,35911,354,19,2,0.11,3,personal,1
47,102856,37784,818,28,8,0.66,3,education,0
54,47376,8191,311,26,7,0.79,5,personal,1
58,129049,38160,827,9,8,0.52,4,education,1
53,75554,95536,672,28,12,0.45,5,car,0
44,34199,69641,783,2,3,0.71,6,home,1
35,138533,54723,527,18,7,0.77,6,business,1
50,101412,8631,606,2,10,0.63,8,car,1
62,70948,11172,756,21,13,0.41,7,home,0
37,93781,47080,459,13,9,0.51,5,car,1
25,92750,94097,630,7,3,0.59,5,personal,1
49,86262,95353,524,26,14,0.24,4,education,1
24,137424,25281,803,22,10,0.41,0,car,0
30,66600,33671,755,29,6,0.68,8,home,1
37,96898,56431,344,3,2,0.56,8,personal,1
30,82483,95900,513,26,2,0.39,8,business,1
37,38297,97961,358,27,5,0.56,7,personal,1
40,50448,33602,494,19,5,0.18,9,education,1
44,46172,93789,788,10,13,0.38,2,personal,0
25,62874,56399,456,25,7,0.66,0,business,1
54,27657,28472,525,10,12,0.25,7,home,1
26,104386,54230,711,26,2,0.23,6,car,0
22,145617,78616,504,29,11,0.77,4,education,1
33,45425,12099,378,10,14,0.25,9,business,1
63,46685,30431,423,1,13,0.28,6,education,1
63,142000,61492,770,29,7,0.78,9,personal,1
68,132855,52684,517,16,5,0.61,3,education,1
31,44578,35111,815,8,14,0.59,8,business,1
67,48831,68936,403,27,6,0.7,9,car,1
43,27906,27614,692,27,8,0.18,1,car,0
36,81413,97260,733,1,10,0.59,8,education,1
51,74028,46991,630,28,13,0.45,8,home,0
31,27287,75476,442,23,14,0.68,4,education,1
36,53660,65920,839,14,12,0.46,0,personal,0
28,95758,99294,577,15,4,0.53,6,car,1
24,80504,68530,532,24,13,0.43,9,car,1
60,79720,41224,828,3,7,0.43,9,car,0
24,122979,12788,389,7,6,0.64,3,home,1
45,54701,33082,791,8,10,0.54,8,home,1
23,103300,94570,498,25,2,0.54,5,business,1
52,130177,81816,661,25,8,0.42,2,education,0
23,37674,88588,740,4,10,0.47,5,education,1
47,103560,21531,325,15,9,0.62,9,personal,1
49,131543,93340,324,12,5,0.68,5,car,1
52,43874,99439,693,29,10,0.59,4,home,1
39,63642,49857,806,6,4,0.75,1,personal,0
41,143867,15142,600,25,6,0.67,9,personal,1
25,117820,53355,638,19,8,0.49,9,home,0
38,85160,14866,566,16,11,0.57,1,education,1
48,37602,75067,760,2,3,0.75,6,car,1
62,123320,69027,755,4,10,0.53,1,education,0
42,108801,62906,659,18,11,0.68,5,personal,1
41,45931,33138,367,11,11,0.58,4,car,1
26,114377,97601,711,28,1,0.49,3,business,0
21,49192,34956,790,26,4,0.27,6,personal,0
25,66542,81295,348,6,4,0.4,7,education,1
61,147015,10439,401,27,1,0.78,3,education,1
32,62520,52241,515,8,9,0.56,0,education,1
46,84772,47533,737,27,3,0.5,0,home,0
66,78762,33270,458,5,5,0.75,0,personal,1
54,70106,83815,788,28,6,0.51,0,car,0
69,101121,44279,541,25,8,0.47,4,education,1
34,45559,28888,304,16,6,0.63,3,education,1
46,125595,22630,660,15,3,0.6,8,home,1
65,53742,66063,758,22,6,0.24,2,car,0
47,89669,40144,547,2,1,0.43,6,personal,1
29,100199,57161,721,20,4,0.43,7,business,0
46,41754,96074,314,25,6,0.36,5,home,1
67,23972,82360,421,3,7,0.46,9,personal,1
42,90831,55979,576,9,11,0.39,0,business,0
67,132217,11979,752,4,13,0.24,7,education,0
50,61873,31189,689,20,11,0.39,9,education,1
63,114661,47600,593,21,10,0.15,2,car,0
68,126532,64560,745,29,3,0.5,7,business,1
37,146267,83040,509,9,9,0.7,3,education,1
46,29903,66558,601,11,12,0.61,7,education,1
56,23020,91205,522,9,12,0.35,0,car,1
21,61755,11910,302,28,7,0.16,2,personal,1
28,105956,62713,817,12,14,0.24,5,education,0
69,106988,51857,392,10,1,0.48,8,home,1
55,65648,39964,819,21,2,0.24,1,home,0
35,123537,90667,727,15,1,0.48,0,personal,0
67,145991,30227,792,7,11,0.26,9,business,1
42,29516,10978,534,7,9,0.69,2,car,1
34,132863,92527,460,26,9,0.38,3,home,0
46,135005,22153,630,24,7,0.27,4,home,0
48,22396,64765,632,7,10,0.67,2,personal,0
43,104082,44071,349,12,3,0.34,9,business,1
34,39129,74519,822,26,13,0.18,1,business,0
44,148322,14503,791,1,5,0.5,1,personal,0
22,21591,65703,571,29,4,0.51,6,home,1
65,31303,69379,551,29,7,0.6,8,car,1
46,50561,62866,389,11,14,0.27,9,home,1
34,91719,21905,745,9,9,0.41,1,business,0
27,138618,50838,631,11,12,0.3,6,home,1
23,112108,63279,438,10,2,0.16,6,car,1
67,148748,94489,656,14,13,0.71,6,education,1
43,119616,31806,573,15,8,0.61,2,home,1
66,144165,50000,318,16,9,0.31,6,personal,1
63,106231,27168,610,25,10,0.52,0,education,0
67,27314,75119,453,1,14,0.24,9,personal,1
65,137071,43714,689,17,10,0.72,0,personal,0
38,39623,59093,559,11,9,0.18,4,personal,1
58,87675,60419,424,18,14,0.1,1,home,1
55,132992,54145,653,25,10,0.45,8,business,1
35,116826,82425,572,22,14,0.51,6,education,1
45,85082,97949,544,17,7,0.51,3,car,1
57,149839,82811,749,29,9,0.14,3,business,0
48,103624,7461,546,16,9,0.32,1,home,1
30,125228,19291,819,29,14,0.45,4,personal,0
59,53130,51804,440,5,3,0.25,3,car,0
37,71756,81971,661,24,4,0.71,0,education,0
59,117624,98471,307,14,2,0.16,7,business,1
42,46292,69946,777,2,10,0.44,2,business,0
46,131785,89080,651,5,3,0.58,5,car,1
64,147331,66332,794,2,11,0.28,3,home,0
45,106206,82794,726,29,11,0.54,8,education,1
37,89274,35841,338,28,5,0.68,6,car,1
33,22469,53758,486,0,5,0.23,8,personal,1
40,73947,81272,392,29,6,0.74,9,education,1
45,42534,42643,385,12,13,0.49,2,business,0
24,83620,55408,343,27,7,0.31,0,car,0
30,68874,48950,436,20,7,0.4,4,business,1
23,69708,61849,720,25,1,0.32,2,business,0
61,94553,33044,373,13,14,0.61,5,business,1
65,88344,20997,847,12,2,0.66,7,home,1
38,69138,84751,811,26,12,0.68,3,business,0
67,74302,28911,455,3,9,0.79,4,personal,1
56,67638,60533,554,6,10,0.65,4,personal,1
67,98249,87566,470,21,2,0.52,3,education,1
42,125865,99870,469,9,6,0.34,3,business,0
54,22719,19571,621,6,11,0.48,3,business,0
67,42890,99463,755,20,11,0.13,3,car,0
28,97236,62941,454,14,1,0.62,3,home,1
60,56509,63005,648,14,3,0.41,4,education,0
69,62534,91250,750,3,2,0.11,1,business,0
64,122302,63712,472,22,3,0.14,1,car,0
39,112241,48541,309,22,5,0.37,8,home,1
62,38787,28387,564,5,11,0.51,1,education,1
61,146209,98980,737,23,10,0.42,5,education,1
57,68845,53908,546,19,6,0.53,1,business,1
26,77932,90457,845,25,9,0.44,4,education,0
46,112124,18057,798,4,12,0.56,3,car,0
54,111659,69028,428,19,11,0.25,6,education,1
65,53062,60731,626,11,10,0.18,6,personal,1
26,95713,29858,703,0,12,0.52,5,car,1
57,107263,53689,658,27,12,0.44,9,home,0
53,115756,49638,316,7,13,0.12,4,home,1
42,80461,96598,573,0,4,0.37,0,business,1
41,95418,51486,415,4,7,0.17,2,business,0
26,86672,25567,390,21,6,0.47,8,personal,1
26,148232,34739,381,5,2,0.38,0,home,0
68,54832,62804,623,28,10,0.53,4,home,1
24,147335,8754,413,20,11,0.66,1,home,1
50,51966,32044,357,2,11,0.31,3,home,0
31,92545,72260,453,14,11,0.77,0,education,1
50,32987,71912,703,4,8,0.47,2,car,0
51,57311,13706,565,27,7,0.53,9,car,1
44,51575,13894,614,23,7,0.58,6,personal,1
29,83852,23037,340,13,14,0.57,9,education,1
23,147650,88986,404,17,8,0.46,2,home,1
51,21007,86942,492,15,12,0.4,3,home,1
60,90981,56612,700,5,12,0.14,1,business,0
